Team,NO.,Fint,FirstName,LastName,Name,Position,AGE,HT,WT,COLLEGE,2015-2016 SALARY
ATL,24,K,Kent,Bazemore,Kent Bazemore,SF,26,5-Jun,201,Old Dominion,"$2,000,000 "
ATL,10,T,Tim,Hardaway Jr.,Tim Hardaway Jr.,SG,23,6-Jun,205,Michigan,"$1,304,520 "
ATL,12,K,Kirk,Hinrich,Kirk Hinrich,SG,35,4-Jun,190,Kansas,"$2,854,940 "
ATL,15,A,Al,Horford,Al Horford,C,29,10-Jun,245,Florida,"$12,000,000 "
ATL,26,K,Kyle,Korver,Kyle Korver,SG,34,7-Jun,212,Creighton,"$5,746,479 "
ATL,4,P,Paul,Millsap,Paul Millsap,PF,31,8-Jun,246,Louisiana Tech,"$18,671,659 "
ATL,31,M,Mike,Muscala,Mike Muscala,PF,24,11-Jun,240,Bucknell,"$947,276 "
ATL,13,L,Lamar,Patterson,Lamar Patterson,SG,24,5-Jun,225,Pittsburgh,"$525,093 "
ATL,17,D,Dennis,Schroder,Dennis Schroder,PG,22,1-Jun,172, ,"$1,763,400 "
ATL,32,M,Mike,Scott,Mike Scott,PF,27,8-Jun,237,Virginia,"$3,333,333 "
ATL,25,T,Thabo,Sefolosha,Thabo Sefolosha,SF,31,7-Jun,220, ,"$4,000,000 "
ATL,11,T,Tiago,Splitter,Tiago Splitter,C,31,11-Jun,245, ,"$9,756,250 "
ATL,22,W,Walter,Tavares,Walter Tavares,C,23,3-Jul,260, ,"$1,000,000 "
ATL,0,J,Jeff,Teague,Jeff Teague,PG,27,2-Jun,186,Wake Forest,"$8,000,000 "
BOS,0,A,Avery,Bradley,Avery Bradley,PG,25,2-Jun,180,Texas,"$7,730,337 "
BOS,99,J,Jae,Crowder,Jae Crowder,SF,25,6-Jun,235,Marquette,"$6,796,117 "
BOS,28,R,R.J.,Hunter,R.J. Hunter,SG,22,5-Jun,185,Georgia State,"$1,148,640 "
BOS,8,J,Jonas,Jerebko,Jonas Jerebko,PF,28,10-Jun,231, ,"$5,000,000 "
BOS,90,A,Amir,Johnson,Amir Johnson,PF,28,9-Jun,240, ,"$12,000,000 "
BOS,55,J,Jordan,Mickey,Jordan Mickey,PF,21,8-Jun,235,LSU,"$1,170,960 "
BOS,41,K,Kelly,Olynyk,Kelly Olynyk,C,24,Jul-00,238,Gonzaga,"$2,165,160 "
BOS,12,T,Terry,Rozier,Terry Rozier,PG,21,2-Jun,190,Louisville,"$1,824,360 "
BOS,36,M,Marcus,Smart,Marcus Smart,PG,21,4-Jun,220,Oklahoma State,"$3,431,040 "
BOS,7,J,Jared,Sullinger,Jared Sullinger,C,23,9-Jun,260,Ohio State,"$2,569,260 "
BOS,4,I,Isaiah,Thomas,Isaiah Thomas,PG,27,9-May,185,Washington,"$6,912,869 "
BOS,11,E,Evan,Turner,Evan Turner,SG,27,7-Jun,220,Ohio State,"$3,425,510 "
BOS,13,J,James,Young,James Young,SG,20,6-Jun,215,Kentucky,"$1,749,840 "
BOS,44,T,Tyler,Zeller,Tyler Zeller,C,26,Jul-00,253,North Carolina,"$2,616,975 "
BKN,44,B,Bojan,Bogdanovic,Bojan Bogdanovic,SG,26,8-Jun,216, ,"$3,425,510 "
BKN,22,M,Markel,Brown,Markel Brown,SG,24,3-Jun,190,Oklahoma State,"$845,059 "
BKN,21,W,Wayne,Ellington,Wayne Ellington,SG,28,4-Jun,200,North Carolina,"$1,500,000 "
BKN,24,R,Rondae,Hollis-Jefferson,Rondae Hollis-Jefferson,SG,21,7-Jun,220,Arizona,"$1,335,480 "
BKN,2,J,Jarrett,Jack,Jarrett Jack,PG,32,3-Jun,200,Georgia Tech,"$6,300,000 "
BKN,10,S,Sergey,Karasev,Sergey Karasev,SG,22,7-Jun,208, ,"$1,599,840 "
BKN,0,S,Shane,Larkin,Shane Larkin,PG,23,11-May,175,Miami (FL),"$1,500,000 "
BKN,11,B,Brook,Lopez,Brook Lopez,C,27,Jul-00,275,Stanford,"$19,689,000 "
BKN,1,C,Chris,McCullough,Chris McCullough,PF,21,11-Jun,200,Syracuse,"$1,140,240 "
BKN,33,W,Willie,Reed,Willie Reed,PF,25,10-Jun,220,Saint Louis,"$947,276 "
BKN,41,T,Thomas,Robinson,Thomas Robinson,PF,24,10-Jun,237,Kansas,"$981,348 "
BKN,15,D,Donald,Sloan,Donald Sloan,PG,28,3-Jun,205,Texas A&M,"$947,276 "
BKN,30,T,Thaddeus,Young,Thaddeus Young,PF,27,8-Jun,221,Georgia Tech,"$11,235,955 "
CHA,5,N,Nicolas,Batum,Nicolas Batum,SG,27,8-Jun,200, ,"$13,125,306 "
CHA,30,T,Troy,Daniels,Troy Daniels,SG,24,4-Jun,205,Virginia Commonwealth,"$947,276 "
CHA,12,J,Jorge,Gutierrez,Jorge Gutierrez,PG,27,3-Jun,189,California,"$947,276 "
CHA,50,T,Tyler,Hansbrough,Tyler Hansbrough,PF,30,9-Jun,250,North Carolina,"$947,276 "
CHA,9,A,Aaron,Harrison,Aaron Harrison,SG,21,6-Jun,210,Kentucky,"$525,093 "
CHA,0,S,Spencer,Hawes,Spencer Hawes,PF,27,1-Jul,245,Washington,"$6,110,034 "
CHA,25,A,Al,Jefferson,Al Jefferson,C,31,10-Jun,289, ,"$13,500,000 "
CHA,44,F,Frank,Kaminsky III,Frank Kaminsky III,C,22,Jul-00,240,Wisconsin,"$2,612,520 "
CHA,14,M,Michael,Kidd-Gilchrist,Michael Kidd-Gilchrist,SF,22,7-Jun,232,Kentucky,"$6,331,404 "
CHA,3,J,Jeremy,Lamb,Jeremy Lamb,SG,23,5-Jun,185,Connecticut,"$3,034,356 "
CHA,1,C,Courtney,Lee,Courtney Lee,SG,30,5-Jun,200,Western Kentucky,"$5,675,000 "
CHA,7,J,Jeremy,Lin,Jeremy Lin,PG,27,3-Jun,200,Harvard,"$2,139,000 "
CHA,15,K,Kemba,Walker,Kemba Walker,PG,25,1-Jun,184,Connecticut,"$12,000,000 "
CHA,2,M,Marvin,Williams,Marvin Williams,PF,29,9-Jun,237,North Carolina,"$7,000,000 "
CHA,40,C,Cody,Zeller,Cody Zeller,C,23,Jul-00,240,Indiana,"$4,204,200 "
CHI,41,C,Cameron,Bairstow,Cameron Bairstow,PF,25,9-Jun,250,New Mexico,"$845,059 "
CHI,0,A,Aaron,Brooks,Aaron Brooks,PG,31,Jun-00,161,Oregon,"$2,250,000 "
CHI,21,J,Jimmy,Butler,Jimmy Butler,SG,26,7-Jun,220,Marquette,"$16,407,500 "
CHI,34,M,Mike,Dunleavy,Mike Dunleavy,SG,35,9-Jun,230,Duke,"$4,500,000 "
CHI,6,C,Cristiano,Felicio,Cristiano Felicio,PF,23,10-Jun,275, ,"$525,093 "
CHI,16,P,Pau,Gasol,Pau Gasol,C,35,Jul-00,250, ,"$7,448,760 "
CHI,22,T,Taj,Gibson,Taj Gibson,PF,30,9-Jun,225,USC,"$8,500,000 "
CHI,7,J,Justin,Holiday,Justin Holiday,SG,26,6-Jun,185,Washington,"$947,276 "
CHI,3,D,Doug,McDermott,Doug McDermott,SF,24,8-Jun,225,Creighton,"$2,380,440 "
CHI,44,N,Nikola,Mirotic,Nikola Mirotic,PF,25,10-Jun,220, ,"$5,543,725 "
CHI,55,E,E'Twaun,Moore,E'Twaun Moore,SG,27,4-Jun,191,Purdue,"$1,015,421 "
CHI,13,J,Joakim,Noah,Joakim Noah,C,31,11-Jun,232,Florida,"$13,400,000 "
CHI,5,B,Bobby,Portis,Bobby Portis,PF,21,11-Jun,230,Arkansas,"$1,391,160 "
CHI,1,D,Derrick,Rose,Derrick Rose,PG,27,3-Jun,190,Memphis,"$20,093,064 "
CHI,20,T,Tony,Snell,Tony Snell,SF,24,7-Jun,200,New Mexico,"$1,535,880 "
CLE,8,M,Matthew,Dellavedova,Matthew Dellavedova,PG,25,4-Jun,198,Saint Mary's,"$1,147,276 "
CLE,9,C,Channing,Frye,Channing Frye,PF,32,11-Jun,255,Arizona,"$8,193,029 "
CLE,2,K,Kyrie,Irving,Kyrie Irving,PG,23,3-Jun,193,Duke,"$16,407,501 "
CLE,23,L,LeBron,James,LeBron James,SF,31,8-Jun,250, ,"$22,970,500 "
CLE,24,R,Richard,Jefferson,Richard Jefferson,SF,35,7-Jun,233,Arizona,"$947,276 "
CLE,1,J,James,Jones,James Jones,SG,35,8-Jun,218,Miami (FL),"$947,276 "
CLE,14,S,Sasha,Kaun,Sasha Kaun,C,30,11-Jun,260,Kansas,"$1,276,000 "
CLE,0,K,Kevin,Love,Kevin Love,PF,27,10-Jun,251,UCLA,"$19,689,000 "
CLE,20,T,Timofey,Mozgov,Timofey Mozgov,C,29,1-Jul,275, ,"$4,950,000 "
CLE,4,I,Iman,Shumpert,Iman Shumpert,SG,25,5-Jun,220,Georgia Tech,"$8,988,765 "
CLE,5,J,J.R.,Smith,J.R. Smith,SG,30,6-Jun,225, ,"$5,000,000 "
CLE,13,T,Tristan,Thompson,Tristan Thompson,C,24,9-Jun,238,Texas,"$14,260,870 "
CLE,52,M,Mo,Williams,Mo Williams,PG,33,1-Jun,198,Alabama,"$2,100,000 "
DAL,1,J,Justin,Anderson,Justin Anderson,SG,22,6-Jun,228,Virginia,"$1,449,000 "
DAL,5,J,J.J.,Barea,J.J. Barea,PG,31,Jun-00,185,Northeastern,"$4,290,000 "
DAL,21,J,Jeremy,Evans,Jeremy Evans,SF,28,9-Jun,200,Western Kentucky,"$1,100,602 "
DAL,2,R,Raymond,Felton,Raymond Felton,PG,31,1-Jun,205,North Carolina,"$3,950,313 "
DAL,34,D,Devin,Harris,Devin Harris,PG,33,3-Jun,185,Wisconsin,"$4,053,446 "
DAL,42,D,David,Lee,David Lee,PF,32,9-Jun,245,Florida,"$15,493,680 "
DAL,23,W,Wesley,Matthews,Wesley Matthews,SG,29,5-Jun,220,Marquette,"$16,407,500 "
DAL,11,J,JaVale,McGee,JaVale McGee,C,28,Jul-00,270,Nevada,"$1,270,964 "
DAL,50,S,Salah,Mejri,Salah Mejri,C,29,2-Jul,245, ,"$525,093 "
DAL,41,D,Dirk,Nowitzki,Dirk Nowitzki,PF,37,Jul-00,245, ,"$8,333,334 "
DAL,27,Z,Zaza,Pachulia,Zaza Pachulia,C,32,11-Jun,275, ,"$5,200,000 "
DAL,25,C,Chandler,Parsons,Chandler Parsons,SF,27,10-Jun,230,Florida,"$15,361,500 "
DAL,7,D,Dwight,Powell,Dwight Powell,PF,24,11-Jun,240,Stanford,"$845,059 "
DAL,3,C,Charlie,Villanueva,Charlie Villanueva,PF,31,11-Jun,232,Connecticut,"$947,276 "
DAL,8,D,Deron,Williams,Deron Williams,PG,31,3-Jun,200,Illinois,"$5,378,974 "
DEN,0,D,Darrell,Arthur,Darrell Arthur,PF,27,9-Jun,235,Kansas,"$2,814,000 "
DEN,12,D,D.J.,Augustin,D.J. Augustin,PG,28,Jun-00,183,Texas,"$3,000,000 "
DEN,5,W,Will,Barton,Will Barton,SF,25,6-Jun,175,Memphis,"$3,533,333 "
DEN,21,W,Wilson,Chandler,Wilson Chandler,SF,28,8-Jun,225,DePaul,"$10,449,438 "
DEN,35,K,Kenneth,Faried,Kenneth Faried,PF,26,8-Jun,228,Morehead State,"$11,235,955 "
DEN,8,D,Danilo,Gallinari,Danilo Gallinari,SF,27,10-Jun,225, ,"$14,000,000 "
DEN,14,G,Gary,Harris,Gary Harris,SG,21,4-Jun,210,Michigan State,"$1,584,480 "
DEN,15,N,Nikola,Jokic,Nikola Jokic,C,21,10-Jun,250, ,"$1,300,000 "
DEN,77,J,Joffrey,Lauvergne,Joffrey Lauvergne,C,24,11-Jun,220, ,"$1,709,719 "
DEN,3,M,Mike,Miller,Mike Miller,SG,36,8-Jun,218,Florida,"$947,276 "
DEN,0,E,Emmanuel,Mudiay,Emmanuel Mudiay,PG,19,5-Jun,200, ,"$3,102,240 "
DEN,1,J,Jameer,Nelson,Jameer Nelson,PG,34,Jun-00,190,Saint Joseph's,"$4,345,000 "
DEN,23,J,Jusuf,Nurkic,Jusuf Nurkic,C,21,Jul-00,280, ,"$1,842,000 "
DEN,9,J,JaKarr,Sampson,JaKarr Sampson,SG,22,9-Jun,214,St. John's,"$258,489 "
DET,50,J,Joel,Anthony,Joel Anthony,C,33,9-Jun,245,UNLV,"$2,500,000 "
DET,12,A,Aron,Baynes,Aron Baynes,C,29,10-Jun,260,Washington State,"$6,500,000 "
DET,22,S,Steve,Blake,Steve Blake,PG,36,3-Jun,172,Maryland,"$2,170,465 "
DET,25,R,Reggie,Bullock,Reggie Bullock,SF,24,7-Jun,205,North Carolina,"$1,252,440 "
DET,5,K,Kentavious,Caldwell-Pope,Kentavious Caldwell-Pope,SG,23,5-Jun,205,Georgia,"$2,891,760 "
DET,8,S,Spencer,Dinwiddie,Spencer Dinwiddie,PG,22,6-Jun,200,Colorado,"$845,059 "
DET,0,A,Andre,Drummond,Andre Drummond,C,22,11-Jun,279,Connecticut,"$3,272,091 "
DET,99,J,Justin,Harper,Justin Harper,PF,26,10-Jun,225,Richmond, 
DET,34,T,Tobias,Harris,Tobias Harris,SF,23,9-Jun,235,Tennessee,"$16,000,000 "
DET,6,D,Darrun,Hilliard,Darrun Hilliard,SF,22,6-Jun,205,Villanova,"$600,000 "
DET,1,R,Reggie,Jackson,Reggie Jackson,PG,25,3-Jun,208,Boston College,"$13,913,044 "
DET,3,S,Stanley,Johnson,Stanley Johnson,SF,19,7-Jun,245,Arizona,"$2,841,960 "
DET,20,J,Jodie,Meeks,Jodie Meeks,SG,28,4-Jun,210,Kentucky,"$6,270,000 "
DET,13,M,Marcus,Morris,Marcus Morris,PF,26,9-Jun,235,Kansas,"$5,000,000 "
DET,43,A,Anthony,Tolliver,Anthony Tolliver,PF,30,8-Jun,240,Creighton,"$3,000,000 "
GSW,19,L,Leandro,Barbosa,Leandro Barbosa,SG,33,3-Jun,194, ,"$2,500,000 "
GSW,40,H,Harrison,Barnes,Harrison Barnes,SF,23,8-Jun,225,North Carolina,"$3,873,398 "
GSW,12,A,Andrew,Bogut,Andrew Bogut,C,31,Jul-00,260,Utah,"$13,800,000 "
GSW,21,I,Ian,Clark,Ian Clark,SG,24,3-Jun,175,Belmont,"$947,276 "
GSW,30,S,Stephen,Curry,Stephen Curry,PG,27,3-Jun,190,Davidson,"$11,370,786 "
GSW,31,F,Festus,Ezeli,Festus Ezeli,C,26,11-Jun,265,Vanderbilt,"$2,008,748 "
GSW,23,D,Draymond,Green,Draymond Green,PF,25,7-Jun,230,Michigan State,"$14,260,870 "
GSW,9,A,Andre,Iguodala,Andre Iguodala,SF,32,6-Jun,215,Arizona,"$11,710,456 "
GSW,34,S,Shaun,Livingston,Shaun Livingston,PG,30,7-Jun,192, ,"$5,543,725 "
GSW,36,K,Kevon,Looney,Kevon Looney,SF,20,9-Jun,220,UCLA,"$1,131,960 "
GSW,20,J,James,McAdoo,James McAdoo,SF,23,9-Jun,240,North Carolina,"$845,059 "
GSW,4,B,Brandon,Rush,Brandon Rush,SF,30,6-Jun,220,Kansas,"$1,270,964 "
GSW,5,M,Marreese,Speights,Marreese Speights,C,28,10-Jun,255,Florida,"$3,815,000 "
GSW,11,K,Klay,Thompson,Klay Thompson,SG,26,7-Jun,215,Washington State,"$15,501,000 "
GSW,18,A,Anderson,Varejao,Anderson Varejao,PF,33,11-Jun,273, ,"$289,755 "
HOU,1,T,Trevor,Ariza,Trevor Ariza,SF,30,8-Jun,215,UCLA,"$8,193,030 "
HOU,2,P,Patrick,Beverley,Patrick Beverley,PG,27,1-Jun,185,Arkansas,"$6,486,486 "
HOU,33,C,Corey,Brewer,Corey Brewer,SG,29,9-Jun,186,Florida,"$8,229,375 "
HOU,15,C,Clint,Capela,Clint Capela,PF,21,10-Jun,240, ,"$1,242,720 "
HOU,7,S,Sam,Dekker,Sam Dekker,SF,21,9-Jun,230,Wisconsin,"$1,646,400 "
HOU,13,J,James,Harden,James Harden,SG,26,5-Jun,220,Arizona State,"$15,756,438 "
HOU,35,M,Montrezl,Harrell,Montrezl Harrell,PF,22,8-Jun,240,Louisville,"$1,000,000 "
HOU,12,D,Dwight,Howard,Dwight Howard,C,30,11-Jun,265, ,"$22,359,364 "
HOU,6,T,Terrence,Jones,Terrence Jones,PF,24,9-Jun,252,Kentucky,"$2,489,530 "
HOU,3,T,Ty,Lawson,Ty Lawson,PG,28,11-May,195,North Carolina,"$12,404,495 "
HOU,32,K,K.J.,McDaniels,K.J. McDaniels,SG,23,6-Jun,205,Clemson,"$3,189,794 "
HOU,20,D,Donatas,Motiejunas,Donatas Motiejunas,PF,25,Jul-00,222, ,"$2,288,205 "
HOU,5,J,Josh,Smith,Josh Smith,C,30,9-Jun,225, ,"$947,276 "
HOU,31,J,Jason,Terry,Jason Terry,SG,38,2-Jun,185,Arizona,"$947,276 "
HOU,10,M,Marcus,Thornton,Marcus Thornton,SF,28,4-Jun,205,LSU,"$947,276 "
IND,5,L,Lavoy,Allen,Lavoy Allen,PF,27,9-Jun,255,Temple,"$4,050,000 "
IND,10,C,Chase,Budinger,Chase Budinger,SF,27,7-Jun,209,Arizona,"$5,000,000 "
IND,25,R,Rakeem,Christmas,Rakeem Christmas,PF,24,9-Jun,250,Syracuse,"$1,007,026 "
IND,11,M,Monta,Ellis,Monta Ellis,SG,30,3-Jun,185, ,"$10,300,000 "
IND,13,P,Paul,George,Paul George,SF,25,9-Jun,220,Fresno State,"$17,120,106 "
IND,3,G,George,Hill,George Hill,PG,29,3-Jun,188,IUPUI,"$8,000,000 "
IND,27,J,Jordan,Hill,Jordan Hill,C,28,10-Jun,235,Arizona,"$4,000,000 "
IND,44,S,Solomon,Hill,Solomon Hill,SF,24,7-Jun,225,Arizona,"$1,358,880 "
IND,28,I,Ian,Mahinmi,Ian Mahinmi,C,29,11-Jun,250, ,"$4,000,000 "
IND,0,C,C.J.,Miles,C.J. Miles,SF,28,6-Jun,231, ,"$4,394,225 "
IND,40,G,Glenn,Robinson III,Glenn Robinson III,SG,22,7-Jun,222,Michigan,"$1,100,000 "
IND,2,R,Rodney,Stuckey,Rodney Stuckey,PG,29,5-Jun,205,Eastern Washington,"$7,000,000 "
IND,33,M,Myles,Turner,Myles Turner,PF,19,11-Jun,243,Texas,"$2,357,760 "
IND,42,S,Shayne,Whittington,Shayne Whittington,PF,24,11-Jun,250,Western Michigan,"$845,059 "
IND,1,J,Joe,Young,Joe Young,PG,23,2-Jun,180,Oregon,"$1,007,026 "
LAC,45,C,Cole,Aldrich,Cole Aldrich,C,27,11-Jun,250,Kansas,"$1,100,602 "
LAC,19,J,Jeff,Ayres,Jeff Ayres,PF,28,9-Jun,250,Arizona State,"$111,444 "
LAC,11,J,Jamal,Crawford,Jamal Crawford,SG,35,5-Jun,195,Michigan,"$5,675,000 "
LAC,22,B,Branden,Dawson,Branden Dawson,SF,23,6-Jun,225,Michigan State,"$525,093 "
LAC,8,J,Jeff,Green,Jeff Green,SF,29,9-Jun,235,Georgetown,"$9,450,000 "
LAC,32,B,Blake,Griffin,Blake Griffin,PF,26,10-Jun,251,Oklahoma,"$18,907,726 "
LAC,33,W,Wesley,Johnson,Wesley Johnson,SF,28,7-Jun,215,Syracuse,"$1,100,602 "
LAC,6,D,DeAndre,Jordan,DeAndre Jordan,C,27,11-Jun,265,Texas A&M,"$19,689,000 "
LAC,12,L,Luc,Mbah a Moute,Luc Mbah a Moute,PF,29,8-Jun,230,UCLA,"$947,276 "
LAC,3,C,Chris,Paul,Chris Paul,PG,30,Jun-00,175,Wake Forest,"$21,468,695 "
LAC,34,P,Paul,Pierce,Paul Pierce,SF,38,7-Jun,235,Kansas,"$3,376,000 "
LAC,9,P,Pablo,Prigioni,Pablo Prigioni,PG,38,3-Jun,185, ,"$947,726 "
LAC,4,J,J.J.,Redick,J.J. Redick,SG,31,4-Jun,190,Duke,"$7,085,000 "
LAC,25,A,Austin,Rivers,Austin Rivers,PG,23,4-Jun,200,Duke,"$3,110,796 "
LAC,35,A,Alex,Stepheson,Alex Stepheson,PF,28,10-Jun,270,USC, 
LAC,30,C,C.J.,Wilcox,C.J. Wilcox,SG,25,5-Jun,195,Washington,"$1,159,680 "
LAL,2,B,Brandon,Bass,Brandon Bass,PF,30,8-Jun,250,LSU,"$3,000,000 "
LAL,28,T,Tarik,Black,Tarik Black,C,24,9-Jun,250,Kansas,"$845,059 "
LAL,3,A,Anthony,Brown,Anthony Brown,SF,23,7-Jun,210,Stanford,"$700,000 "
LAL,24,K,Kobe,Bryant,Kobe Bryant,SF,37,6-Jun,212, ,"$25,000,000 "
LAL,6,J,Jordan,Clarkson,Jordan Clarkson,PG,23,5-Jun,194,Missouri,"$845,059 "
LAL,17,R,Roy,Hibbert,Roy Hibbert,C,29,2-Jul,270,Georgetown,"$15,592,217 "
LAL,9,M,Marcelo,Huertas,Marcelo Huertas,PG,32,3-Jun,200, ,"$525,093 "
LAL,4,R,Ryan,Kelly,Ryan Kelly,PF,24,11-Jun,230,Duke,"$1,724,250 "
LAL,7,L,Larry,Nance Jr.,Larry Nance Jr.,PF,23,9-Jun,230,Wyoming,"$1,155,600 "
LAL,30,J,Julius,Randle,Julius Randle,PF,21,9-Jun,250,Kentucky,"$3,132,240 "
LAL,1,D,D'Angelo,Russell,D'Angelo Russell,PG,20,5-Jun,195,Ohio State,"$5,103,120 "
LAL,50,R,Robert,Sacre,Robert Sacre,C,26,Jul-00,270,Gonzaga,"$981,348 "
LAL,23,L,Louis,Williams,Louis Williams,SG,29,1-Jun,175, ,"$7,000,000 "
LAL,37,M,Metta,World Peace,Metta World Peace,SF,36,7-Jun,260,St. John's,"$947,276 "
LAL,0,N,Nick,Young,Nick Young,SF,30,7-Jun,210,USC,"$5,219,169 "
MEM,3,J,Jordan,Adams,Jordan Adams,SG,21,5-Jun,209,UCLA,"$1,404,600 "
MEM,9,T,Tony,Allen,Tony Allen,SG,34,4-Jun,213,Oklahoma State,"$5,158,539 "
MEM,7,C,Chris,Andersen,Chris Andersen,PF,37,10-Jun,245,Blinn College,"$5,000,000 "
MEM,22,M,Matt,Barnes,Matt Barnes,SF,35,7-Jun,226,UCLA,"$3,542,500 "
MEM,15,V,Vince,Carter,Vince Carter,SG,39,6-Jun,220,North Carolina,"$4,088,019 "
MEM,6,M,Mario,Chalmers,Mario Chalmers,PG,29,2-Jun,190,Kansas,"$4,300,000 "
MEM,11,M,Mike,Conley,Mike Conley,PG,28,1-Jun,175,Ohio State,"$9,588,426 "
MEM,8,J,James,Ennis,James Ennis,SF,25,7-Jun,210,Long Beach State,"$845,059 "
MEM,33,M,Marc,Gasol,Marc Gasol,C,31,1-Jul,255, ,"$19,688,000 "
MEM,0,J,JaMychal,Green,JaMychal Green,PF,25,9-Jun,227,Alabama,"$845,059 "
MEM,19,P,P.J.,Hairston,P.J. Hairston,SF,23,6-Jun,230,North Carolina,"$1,201,440 "
MEM,10,J,Jarell,Martin,Jarell Martin,PF,21,10-Jun,239,LSU,"$1,230,840 "
MEM,50,Z,Zach,Randolph,Zach Randolph,PF,34,9-Jun,260,Michigan State,"$9,638,555 "
MEM,1,L,Lance,Stephenson,Lance Stephenson,SF,25,5-Jun,230,Cincinnati,"$9,000,000 "
MEM,34,B,Brandan,Wright,Brandan Wright,PF,28,10-Jun,210,North Carolina,"$5,464,000 "
MIA,1,C,Chris,Bosh,Chris Bosh,PF,31,11-Jun,235,Georgia Tech,"$22,192,730 "
MIA,9,L,Luol,Deng,Luol Deng,SF,30,9-Jun,220,Duke,"$10,151,612 "
MIA,7,G,Goran,Dragic,Goran Dragic,PG,29,3-Jun,190, ,"$14,783,000 "
MIA,14,G,Gerald,Green,Gerald Green,SF,30,7-Jun,205, ,"$947,276 "
MIA,40,U,Udonis,Haslem,Udonis Haslem,PF,35,8-Jun,235,Florida,"$2,854,940 "
MIA,--,J,Joe,Johnson,Joe Johnson,SF,34,7-Jun,240,Arkansas,"$24,894,863 "
MIA,8,T,Tyler,Johnson,Tyler Johnson,SG,23,4-Jun,186,Fresno State,"$845,059 "
MIA,4,J,Josh,McRoberts,Josh McRoberts,PF,28,10-Jun,240,Duke,"$5,543,725 "
MIA,0,J,Josh,Richardson,Josh Richardson,SG,22,6-Jun,200,Tennessee,"$525,093 "
MIA,5,A,Amar'e,Stoudemire,Amar'e Stoudemire,PF,33,10-Jun,245, ,"$947,276 "
MIA,19,B,Beno,Udrih,Beno Udrih,PG,33,3-Jun,205, ,"$2,170,465 "
MIA,3,D,Dwyane,Wade,Dwyane Wade,SG,34,4-Jun,220,Marquette,"$20,000,000 "
MIA,21,H,Hassan,Whiteside,Hassan Whiteside,C,26,Jul-00,265,Marshall,"$981,348 "
MIA,20,J,Justise,Winslow,Justise Winslow,SF,19,7-Jun,225,Duke,"$2,481,720 "
MIL,34,G,Giannis,Antetokounmpo,Giannis Antetokounmpo,SF,21,11-Jun,222, ,"$1,953,960 "
MIL,19,J,Jerryd,Bayless,Jerryd Bayless,PG,27,3-Jun,200,Arizona,"$3,000,000 "
MIL,5,M,Michael,Carter-Williams,Michael Carter-Williams,PG,24,6-Jun,190,Syracuse,"$2,399,040 "
MIL,11,T,Tyler,Ennis,Tyler Ennis,PG,21,3-Jun,194,Syracuse,"$1,662,360 "
MIL,31,J,John,Henson,John Henson,PF,25,11-Jun,229,North Carolina,"$2,943,221 "
MIL,17,D,Damien,Inglis,Damien Inglis,SF,20,8-Jun,246, ,"$855,000 "
MIL,3,O,O.J.,Mayo,O.J. Mayo,SG,28,5-Jun,210,USC,"$8,000,000 "
MIL,22,K,Khris,Middleton,Khris Middleton,SG,24,8-Jun,234,Texas A&M,"$14,700,000 "
MIL,15,G,Greg,Monroe,Greg Monroe,C,25,11-Jun,265,Georgetown,"$16,407,500 "
MIL,6,S,Steve,Novak,Steve Novak,SF,32,10-Jun,225,Marquette,"$289,755 "
MIL,77,J,Johnny,O'Bryant III,Johnny O'Bryant III,PF,22,9-Jun,257,LSU,"$845,059 "
MIL,12,J,Jabari,Parker,Jabari Parker,PF,20,8-Jun,250,Duke,"$5,152,440 "
MIL,18,M,Miles,Plumlee,Miles Plumlee,C,27,11-Jun,249,Duke,"$2,109,294 "
MIL,21,G,Greivis,Vasquez,Greivis Vasquez,PG,29,6-Jun,217,Maryland,"$6,600,000 "
MIL,20,R,Rashad,Vaughn,Rashad Vaughn,SG,19,6-Jun,202,UNLV,"$1,733,040 "
MIN,88,N,Nemanja,Bjelica,Nemanja Bjelica,PF,27,10-Jun,240, ,"$3,950,001 "
MIN,5,G,Gorgui,Dieng,Gorgui Dieng,C,26,11-Jun,241,Louisville,"$1,474,440 "
MIN,21,K,Kevin,Garnett,Kevin Garnett,PF,39,11-Jun,240, ,"$8,500,000 "
MIN,1,T,Tyus,Jones,Tyus Jones,PG,19,2-Jun,195,Duke,"$1,282,080 "
MIN,8,Z,Zach,LaVine,Zach LaVine,PG,20,5-Jun,189,UCLA,"$2,148,360 "
MIN,23,K,Kevin,Martin,Kevin Martin,SG,33,7-Jun,199,Western Carolina,"$7,085,000 "
MIN,15,S,Shabazz,Muhammad,Shabazz Muhammad,SF,23,6-Jun,223,UCLA,"$2,056,920 "
MIN,33,A,Adreian,Payne,Adreian Payne,PF,25,10-Jun,237,Michigan State,"$1,938,840 "
MIN,14,N,Nikola,Pekovic,Nikola Pekovic,C,30,11-Jun,307, ,"$12,100,000 "
MIN,12,T,Tayshaun,Prince,Tayshaun Prince,SF,36,9-Jun,212,Kentucky,"$947,276 "
MIN,9,R,Ricky,Rubio,Ricky Rubio,PG,25,4-Jun,194, ,"$12,700,000 "
MIN,10,D,Damjan,Rudez,Damjan Rudez,SF,29,9-Jun,230, ,"$1,149,500 "
MIN,32,K,Karl-Anthony,Towns,Karl-Anthony Towns,C,20,Jul-00,244,Kentucky,"$5,703,600 "
MIN,22,A,Andrew,Wiggins,Andrew Wiggins,SG,21,8-Jun,199,Kansas,"$5,758,680 "
NO,42,A,Alexis,Ajinca,Alexis Ajinca,C,27,2-Jul,248, ,"$4,389,607 "
NO,33,R,Ryan,Anderson,Ryan Anderson,PF,27,10-Jun,240,California,"$8,500,000 "
NO,3,O,Omer,Asik,Omer Asik,C,29,Jul-00,255, ,"$9,213,483 "
NO,8,L,Luke,Babbitt,Luke Babbitt,SF,26,9-Jun,225,Nevada,"$1,100,602 "
NO,30,N,Norris,Cole,Norris Cole,PG,27,2-Jun,175,Cleveland State,"$3,036,927 "
NO,44,D,Dante,Cunningham,Dante Cunningham,PF,28,8-Jun,230,Villanova,"$2,850,000 "
NO,23,A,Anthony,Davis,Anthony Davis,PF,22,10-Jun,253,Kentucky,"$7,070,730 "
NO,31,B,Bryce,Dejean-Jones,Bryce Dejean-Jones,SG,23,6-Jun,203,Iowa State,"$169,883 "
NO,16,T,Toney,Douglas,Toney Douglas,PG,29,2-Jun,195,Florida State,"$1,164,858 "
NO,1,T,Tyreke,Evans,Tyreke Evans,SG,26,6-Jun,220,Memphis,"$10,734,586 "
NO,15,A,Alonzo,Gee,Alonzo Gee,SF,28,6-Jun,225,Alabama,"$1,320,000 "
NO,10,E,Eric,Gordon,Eric Gordon,SG,27,4-Jun,215,Indiana,"$15,514,031 "
NO,11,J,Jrue,Holiday,Jrue Holiday,PG,25,4-Jun,205,UCLA,"$10,595,507 "
NO,5,K,Kendrick,Perkins,Kendrick Perkins,C,31,10-Jun,270, ,"$947,276 "
NO,20,Q,Quincy,Pondexter,Quincy Pondexter,SF,27,7-Jun,220,Washington,"$3,382,023 "
NYK,4,A,Arron,Afflalo,Arron Afflalo,SG,30,5-Jun,210,UCLA,"$8,000,000 "
NYK,17,L,Lou,Amundson,Lou Amundson,PF,33,9-Jun,220,UNLV,"$1,635,476 "
NYK,7,C,Carmelo,Anthony,Carmelo Anthony,SF,31,8-Jun,240,Syracuse,"$22,875,000 "
NYK,3,J,Jose,Calderon,Jose Calderon,PG,34,3-Jun,200, ,"$7,402,812 "
NYK,11,C,Cleanthony,Early,Cleanthony Early,SF,24,8-Jun,210,Wichita State,"$845,059 "
NYK,32,J,Jimmer,Fredette,Jimmer Fredette,PG,27,2-Jun,195,BYU,"$874,837 "
NYK,2,L,Langston,Galloway,Langston Galloway,SG,24,2-Jun,200,Saint Joseph's,"$845,059 "
NYK,13,J,Jerian,Grant,Jerian Grant,PG,23,4-Jun,195,Notre Dame,"$1,572,360 "
NYK,8,R,Robin,Lopez,Robin Lopez,C,27,Jul-00,255,Stanford,"$12,650,000 "
NYK,9,K,Kyle,O'Quinn,Kyle O'Quinn,PF,25,10-Jun,250,Norfolk State,"$3,750,000 "
NYK,6,K,Kristaps,Porzingis,Kristaps Porzingis,PF,20,3-Jul,240, ,"$4,131,720 "
NYK,1,K,Kevin,Seraphin,Kevin Seraphin,C,26,10-Jun,278, ,"$2,814,000 "
NYK,42,L,Lance,Thomas,Lance Thomas,SF,27,8-Jun,235,Duke,"$1,636,842 "
NYK,18,S,Sasha,Vujacic,Sasha Vujacic,SG,31,7-Jun,195, ,"$947,276 "
NYK,23,D,Derrick,Williams,Derrick Williams,PF,24,8-Jun,240,Arizona,"$4,000,000 "
OKC,12,S,Steven,Adams,Steven Adams,C,22,Jul-00,255,Pittsburgh,"$2,279,040 "
OKC,4,N,Nick,Collison,Nick Collison,PF,35,10-Jun,255,Kansas,"$3,750,000 "
OKC,35,K,Kevin,Durant,Kevin Durant,SF,27,9-Jun,240,Texas,"$20,158,622 "
OKC,6,R,Randy,Foye,Randy Foye,SG,32,4-Jun,213,Villanova,"$3,135,000 "
OKC,34,J,Josh,Huestis,Josh Huestis,SF,24,7-Jun,230,Stanford,"$1,140,240 "
OKC,9,S,Serge,Ibaka,Serge Ibaka,PF,26,10-Jun,245, ,"$12,250,000 "
OKC,11,E,Enes,Kanter,Enes Kanter,C,23,11-Jun,245,Kentucky,"$16,407,500 "
OKC,33,M,Mitch,McGary,Mitch McGary,PF,23,10-Jun,255,Michigan,"$1,463,040 "
OKC,2,A,Anthony,Morrow,Anthony Morrow,SG,30,5-Jun,210,Georgia Tech,"$3,344,000 "
OKC,22,C,Cameron,Payne,Cameron Payne,PG,21,3-Jun,185,Murray State,"$2,021,520 "
OKC,21,A,Andre,Roberson,Andre Roberson,SG,24,7-Jun,210,Colorado,"$1,210,800 "
OKC,5,K,Kyle,Singler,Kyle Singler,SF,27,8-Jun,228,Duke,"$4,500,000 "
OKC,3,D,Dion,Waiters,Dion Waiters,SG,24,4-Jun,220,Syracuse,"$5,138,430 "
OKC,0,R,Russell,Westbrook,Russell Westbrook,PG,27,3-Jun,200,UCLA,"$16,744,218 "
ORL,8,J,Jared,Cunningham,Jared Cunningham,SG,24,4-Jun,195,Oregon State,"$947,276 "
ORL,3,D,Dewayne,Dedmon,Dewayne Dedmon,C,26,Jul-00,245,USC,"$947,276 "
ORL,10,E,Evan,Fournier,Evan Fournier,SG,23,7-Jun,205, ,"$2,288,205 "
ORL,0,A,Aaron,Gordon,Aaron Gordon,PF,20,9-Jun,220,Arizona,"$4,171,680 "
ORL,23,M,Mario,Hezonja,Mario Hezonja,SG,21,8-Jun,218, ,"$3,741,480 "
ORL,7,E,Ersan,Ilyasova,Ersan Ilyasova,PF,28,10-Jun,235, ,"$7,900,000 "
ORL,55,B,Brandon,Jennings,Brandon Jennings,PG,26,1-Jun,169, ,"$8,344,497 "
ORL,11,D,Devyn,Marble,Devyn Marble,SF,23,6-Jun,200,Iowa,"$845,059 "
ORL,13,S,Shabazz,Napier,Shabazz Napier,PG,24,1-Jun,175,Connecticut,"$1,294,440 "
ORL,44,A,Andrew,Nicholson,Andrew Nicholson,PF,26,9-Jun,250,St. Bonaventure,"$2,380,593 "
ORL,5,V,Victor,Oladipo,Victor Oladipo,SG,23,4-Jun,210,Indiana,"$5,192,520 "
ORL,4,E,Elfrid,Payton,Elfrid Payton,PG,22,4-Jun,185,Louisiana-Lafayette,"$2,505,720 "
ORL,14,J,Jason,Smith,Jason Smith,PF,29,Jul-00,240,Colorado State,"$4,300,000 "
ORL,9,N,Nikola,Vucevic,Nikola Vucevic,C,25,Jul-00,260,USC,"$11,250,000 "
ORL,32,C,C.J.,Watson,C.J. Watson,PG,31,2-Jun,175,Tennessee,"$5,000,000 "
PHI,42,E,Elton,Brand,Elton Brand,PF,36,9-Jun,254,Duke, 
PHI,0,I,Isaiah,Canaan,Isaiah Canaan,PG,24,Jun-00,201,Murray State,"$947,276 "
PHI,33,R,Robert,Covington,Robert Covington,SF,25,9-Jun,215,Tennessee State,"$1,000,000 "
PHI,21,J,Joel,Embiid,Joel Embiid,C,21,Jul-00,250,Kansas,"$4,626,960 "
PHI,39,J,Jerami,Grant,Jerami Grant,SF,21,8-Jun,210,Syracuse,"$845,059 "
PHI,22,R,Richaun,Holmes,Richaun Holmes,PF,22,10-Jun,245,Bowling Green,"$1,074,169 "
PHI,7,C,Carl,Landry,Carl Landry,PF,32,9-Jun,248,Purdue,"$6,500,000 "
PHI,5,K,Kendall,Marshall,Kendall Marshall,PG,24,4-Jun,200,North Carolina,"$2,144,772 "
PHI,12,T,T.J.,McConnell,T.J. McConnell,PG,23,2-Jun,200,Arizona,"$525,093 "
PHI,4,N,Nerlens,Noel,Nerlens Noel,PF,21,11-Jun,228,Kentucky,"$3,457,800 "
PHI,8,J,Jahlil,Okafor,Jahlil Okafor,C,20,11-Jun,275,Duke,"$4,582,680 "
PHI,1,I,Ish,Smith,Ish Smith,PG,27,Jun-00,175,Wake Forest,"$947,276 "
PHI,11,N,Nik,Stauskas,Nik Stauskas,SG,22,6-Jun,205,Michigan,"$2,869,440 "
PHI,31,H,Hollis,Thompson,Hollis Thompson,SG,24,8-Jun,206,Georgetown,"$947,276 "
PHO,2,E,Eric,Bledsoe,Eric Bledsoe,PG,26,1-Jun,190,Kentucky,"$13,500,000 "
PHO,1,D,Devin,Booker,Devin Booker,SG,19,6-Jun,206,Kentucky,"$2,127,840 "
PHO,4,T,Tyson,Chandler,Tyson Chandler,C,33,1-Jul,240, ,"$13,000,000 "
PHO,20,A,Archie,Goodwin,Archie Goodwin,SG,21,5-Jun,200,Kentucky,"$1,160,160 "
PHO,43,K,Kris,Humphries,Kris Humphries,PF,31,9-Jun,235,Minnesota,"$4,440,000 "
PHO,12,J,John,Jenkins,John Jenkins,SG,24,4-Jun,215,Vanderbilt,"$981,348 "
PHO,3,B,Brandon,Knight,Brandon Knight,PG,24,3-Jun,189,Kentucky,"$13,500,000 "
PHO,21,A,Alex,Len,Alex Len,C,22,1-Jul,260,Maryland,"$3,807,120 "
PHO,30,J,Jon,Leuer,Jon Leuer,PF,26,10-Jun,228,Wisconsin,"$1,035,000 "
PHO,25,P,Phil,Pressey,Phil Pressey,PG,25,11-May,175,Missouri,"$55,722 "
PHO,14,R,Ronnie,Price,Ronnie Price,PG,32,2-Jun,190,Utah Valley,"$947,276 "
PHO,35,M,Mirza,Teletovic,Mirza Teletovic,PF,30,9-Jun,242, ,"$5,500,000 "
PHO,17,P,P.J.,Tucker,P.J. Tucker,SF,30,6-Jun,245,Texas,"$5,500,000 "
PHO,12,T,T.J.,Warren,T.J. Warren,SF,22,8-Jun,230,North Carolina State,"$2,041,080 "
PHO,10,S,Sonny,Weems,Sonny Weems,SG,29,6-Jun,205,Arkansas,"$2,814,000 "
POR,34,C,Cliff,Alexander,Cliff Alexander,PF,20,8-Jun,240,Kansas,"$525,093 "
POR,8,A,Al-Farouq,Aminu,Al-Farouq Aminu,SF,25,9-Jun,215,Wake Forest,"$8,042,895 "
POR,5,P,Pat,Connaughton,Pat Connaughton,SG,23,5-Jun,206,Notre Dame,"$625,093 "
POR,23,A,Allen,Crabbe,Allen Crabbe,SG,23,6-Jun,210,California,"$947,276 "
POR,17,E,Ed,Davis,Ed Davis,C,26,10-Jun,240,North Carolina,"$6,980,802 "
POR,4,M,Maurice,Harkless,Maurice Harkless,SF,22,9-Jun,215,St. John's,"$2,894,059 "
POR,9,G,Gerald,Henderson,Gerald Henderson,SG,28,5-Jun,215,Duke,"$6,000,000 "
POR,35,C,Chris,Kaman,Chris Kaman,C,33,Jul-00,265,Central Michigan,"$5,016,000 "
POR,11,M,Meyers,Leonard,Meyers Leonard,PF,24,1-Jul,245,Illinois,"$3,075,880 "
POR,0,D,Damian,Lillard,Damian Lillard,PG,25,3-Jun,195,Weber State,"$4,236,287 "
POR,3,C,C.J.,McCollum,C.J. McCollum,SG,24,4-Jun,200,Lehigh,"$2,525,160 "
POR,44,L,Luis,Montero,Luis Montero,SG,22,7-Jun,185,Westchester CC,"$525,093 "
POR,24,M,Mason,Plumlee,Mason Plumlee,C,25,11-Jun,235,Duke,"$1,415,520 "
POR,2,B,Brian,Roberts,Brian Roberts,PG,30,1-Jun,173,Dayton,"$2,854,940 "
POR,21,N,Noah,Vonleh,Noah Vonleh,PF,20,9-Jun,240,Indiana,"$2,637,720 "
SAC,13,Q,Quincy,Acy,Quincy Acy,SF,25,7-Jun,240,Baylor,"$981,348 "
SAC,5,J,James,Anderson,James Anderson,SG,26,6-Jun,213,Oklahoma State,"$1,015,421 "
SAC,3,M,Marco,Belinelli,Marco Belinelli,SG,29,5-Jun,210, ,"$6,060,606 "
SAC,31,C,Caron,Butler,Caron Butler,SF,35,7-Jun,228,Connecticut,"$1,449,187 "
SAC,18,O,Omri,Casspi,Omri Casspi,SF,27,9-Jun,225, ,"$2,836,186 "
SAC,0,W,Willie,Cauley-Stein,Willie Cauley-Stein,C,22,Jul-00,240,Kentucky,"$3,398,280 "
SAC,7,D,Darren,Collison,Darren Collison,PG,28,Jun-00,175,UCLA,"$5,013,559 "
SAC,15,D,DeMarcus,Cousins,DeMarcus Cousins,C,25,11-Jun,270,Kentucky,"$15,851,950 "
SAC,30,S,Seth,Curry,Seth Curry,SG,25,2-Jun,185,Duke,"$947,276 "
SAC,26,D,Duje,Dukan,Duje Dukan,PF,24,9-Jun,220,Wisconsin,"$525,093 "
SAC,8,R,Rudy,Gay,Rudy Gay,SF,29,8-Jun,230,Connecticut,"$12,403,101 "
SAC,41,K,Kosta,Koufos,Kosta Koufos,C,27,Jul-00,265,Ohio State,"$7,700,000 "
SAC,23,B,Ben,McLemore,Ben McLemore,SG,23,5-Jun,195,Kansas,"$3,156,600 "
SAC,25,E,Eric,Moreland,Eric Moreland,PF,24,10-Jun,238,Oregon State,"$845,059 "
SAC,9,R,Rajon,Rondo,Rajon Rondo,PG,30,1-Jun,186,Kentucky,"$9,500,000 "
SAS,12,L,LaMarcus,Aldridge,LaMarcus Aldridge,PF,30,11-Jun,240,Texas,"$19,689,000 "
SAS,1,K,Kyle,Anderson,Kyle Anderson,SF,22,9-Jun,230,UCLA,"$1,142,880 "
SAS,15,M,Matt,Bonner,Matt Bonner,C,35,10-Jun,235,Florida,"$947,276 "
SAS,18,R,Rasual,Butler,Rasual Butler,SF,36,7-Jun,215,La Salle,"$947,276 "
SAS,33,B,Boris,Diaw,Boris Diaw,C,33,8-Jun,250, ,"$7,500,000 "
SAS,21,T,Tim,Duncan,Tim Duncan,C,39,11-Jun,250,Wake Forest,"$5,250,000 "
SAS,20,M,Manu,Ginobili,Manu Ginobili,SG,38,6-Jun,205, ,"$2,814,000 "
SAS,14,D,Danny,Green,Danny Green,SG,28,6-Jun,215,North Carolina,"$10,000,000 "
SAS,2,K,Kawhi,Leonard,Kawhi Leonard,SF,24,7-Jun,230,San Diego State,"$16,407,500 "
SAS,40,B,Boban,Marjanovic,Boban Marjanovic,C,27,3-Jul,290, ,"$1,200,000 "
SAS,3,R,Ray,McCallum,Ray McCallum,PG,24,3-Jun,190,Detroit,"$947,276 "
SAS,8,P,Patty,Mills,Patty Mills,PG,27,Jun-00,185,Saint Mary's,"$3,578,947 "
SAS,9,T,Tony,Parker,Tony Parker,PG,33,2-Jun,185, ,"$13,437,500 "
SAS,17,J,Jonathon,Simmons,Jonathon Simmons,SG,26,6-Jun,195,Houston,"$525,093 "
SAS,30,D,David,West,David West,PF,35,9-Jun,250,Xavier,"$1,499,187 "
TOR,15,A,Anthony,Bennett,Anthony Bennett,PF,22,8-Jun,245,UNLV,"$947,276 "
TOR,8,B,Bismack,Biyombo,Bismack Biyombo,C,23,9-Jun,245, ,"$2,814,000 "
TOR,20,B,Bruno,Caboclo,Bruno Caboclo,SF,20,9-Jun,205, ,"$1,524,000 "
TOR,5,D,DeMarre,Carroll,DeMarre Carroll,SF,29,8-Jun,212,Missouri,"$13,600,000 "
TOR,10,D,DeMar,DeRozan,DeMar DeRozan,SG,26,7-Jun,220,USC,"$10,050,000 "
TOR,3,J,James,Johnson,James Johnson,PF,29,9-Jun,250,Wake Forest,"$2,500,000 "
TOR,6,C,Cory,Joseph,Cory Joseph,PG,24,3-Jun,190,Texas,"$7,000,000 "
TOR,7,K,Kyle,Lowry,Kyle Lowry,PG,29,Jun-00,205,Villanova,"$12,000,000 "
TOR,92,L,Lucas,Nogueira,Lucas Nogueira,C,23,Jul-00,220, ,"$1,842,000 "
TOR,54,P,Patrick,Patterson,Patrick Patterson,PF,26,9-Jun,235,Kentucky,"$6,268,675 "
TOR,24,N,Norman,Powell,Norman Powell,SG,22,4-Jun,215,UCLA,"$650,000 "
TOR,31,T,Terrence,Ross,Terrence Ross,SF,25,7-Jun,195,Washington,"$3,553,917 "
TOR,4,L,Luis,Scola,Luis Scola,PF,35,9-Jun,240, ,"$2,900,000 "
TOR,17,J,Jonas,Valanciunas,Jonas Valanciunas,C,23,Jul-00,255, ,"$4,660,482 "
TOR,55,D,Delon,Wright,Delon Wright,PG,23,5-Jun,190,Utah,"$1,509,360 "
UTH,33,T,Trevor,Booker,Trevor Booker,PF,28,8-Jun,228,Clemson,"$4,775,000 "
UTH,3,T,Trey,Burke,Trey Burke,PG,23,1-Jun,191,Michigan,"$2,658,240 "
UTH,10,A,Alec,Burks,Alec Burks,SG,24,6-Jun,214,Colorado,"$9,463,484 "
UTH,11,D,Dante,Exum,Dante Exum,PG,20,6-Jun,190, ,"$3,777,720 "
UTH,15,D,Derrick,Favors,Derrick Favors,PF,24,10-Jun,265,Georgia Tech,"$12,000,000 "
UTH,27,R,Rudy,Gobert,Rudy Gobert,C,23,1-Jul,245, ,"$1,175,880 "
UTH,20,G,Gordon,Hayward,Gordon Hayward,SF,25,8-Jun,226,Butler,"$15,409,570 "
UTH,5,R,Rodney,Hood,Rodney Hood,SG,23,8-Jun,206,Duke,"$1,348,440 "
UTH,2,J,Joe,Ingles,Joe Ingles,SF,28,8-Jun,226, ,"$2,050,000 "
UTH,23,C,Chris,Johnson,Chris Johnson,SF,25,6-Jun,206,Dayton,"$981,348 "
UTH,41,T,Trey,Lyles,Trey Lyles,PF,20,10-Jun,234,Kentucky,"$2,239,800 "
UTH,8,S,Shelvin,Mack,Shelvin Mack,PG,25,3-Jun,203,Butler,"$2,433,333 "
UTH,25,R,Raul,Neto,Raul Neto,PG,23,1-Jun,179, ,"$900,000 "
UTH,21,T,Tibor,Pleiss,Tibor Pleiss,C,26,3-Jul,256, ,"$2,900,000 "
UTH,24,J,Jeff,Withey,Jeff Withey,C,25,Jul-00,231,Kansas,"$947,276 "
WAS,6,A,Alan,Anderson,Alan Anderson,SG,33,6-Jun,220,Michigan State,"$4,000,000 "
WAS,3,B,Bradley,Beal,Bradley Beal,SG,22,5-Jun,207,Florida,"$5,694,674 "
WAS,1,J,Jared,Dudley,Jared Dudley,SF,30,7-Jun,225,Boston College,"$4,375,000 "
WAS,8,J,Jarell,Eddie,Jarell Eddie,SG,24,7-Jun,218,Virginia Tech,"$561,716 "
WAS,90,D,Drew,Gooden,Drew Gooden,PF,34,10-Jun,250,Kansas,"$3,300,000 "
WAS,13,M,Marcin,Gortat,Marcin Gortat,C,32,11-Jun,240, ,"$11,217,391 "
WAS,7,J,JJ,Hickson,JJ Hickson,C,27,9-Jun,242,North Carolina State,"$5,613,500 "
WAS,42,N,Nene,Hilario,Nene Hilario,C,33,11-Jun,250, ,"$13,000,000 "
WAS,5,M,Markieff,Morris,Markieff Morris,PF,26,10-Jun,245,Kansas,"$8,000,000 "
WAS,14,G,Gary,Neal,Gary Neal,PG,31,4-Jun,210,Towson,"$2,139,000 "
WAS,12,K,Kelly,Oubre Jr.,Kelly Oubre Jr.,SF,20,7-Jun,205,Kansas,"$1,920,240 "
WAS,22,O,Otto,Porter Jr.,Otto Porter Jr.,SF,22,8-Jun,198,Georgetown,"$4,662,960 "
WAS,7,R,Ramon,Sessions,Ramon Sessions,PG,29,3-Jun,190,Nevada,"$2,170,465 "
WAS,17,G,Garrett,Temple,Garrett Temple,SG,29,6-Jun,195,LSU,"$1,100,602 "
WAS,2,J,John,Wall,John Wall,PG,25,4-Jun,195,Kentucky,"$15,851,950 "
